time,rss_mb,vms_mb,cpu
1767584001549.3174,178.3359375,20852.9921875,291.7810525339405
1767584001570.041,180.91015625,20852.9921875,292.55782376191394
1767584001590.8037,181.5078125,20852.9921875,341.65108918264895
1767584001611.3804,184.2265625,20852.9921875,441.15482423335754
1767584001631.9573,185.078125,20852.9921875,489.925827288552
1767584001652.611,187.6796875,20852.9921875,686.3370891579768
1767584001673.1895,188.49609375,20852.9921875,737.3260828801817
1767584001693.765,191.93359375,20852.9921875,391.6890248173141
1767584001714.3022,192.1015625,20852.9921875,343.1204188481646
1767584001734.8438,192.296875,20853.9921875,392.3577174929888
1767584001755.525,192.89453125,20853.9921875,292.74500087244616
1767584001776.2058,192.984375,20853.9921875,392.31643068432965
1767584001796.8633,193.28515625,20853.9921875,244.3065667920915
1767584001817.5127,193.484375,20853.9921875,440.7736391023089
1767584001838.175,193.6484375,20853.9921875,342.0092724180523
1767584001858.8635,194.09375,20853.9921875,293.4516196739644
1767584001879.4763,194.453125,20853.9921875,245.00297907636863
1767584001900.093,196.7578125,20853.9921875,293.948629296955
1767584001920.6797,196.8359375,20853.9921875,294.08603180909677
1767584001941.333,197.13671875,20853.9921875,342.61591243261046
1767584001961.905,197.41015625,20853.9921875,294.50245752001365
1767584001982.505,197.55078125,20853.9921875,245.04019442886434
1767584002003.121,197.58984375,20853.9921875,293.87311262918445
1767584002023.763,197.8671875,20853.9921875,293.91429872814354
1767584002044.56,198.16796875,20853.9921875,293.55431131018844
1767584002065.1501,198.43359375,20853.9921875,343.65456780007895
1767584002085.7793,198.8359375,20853.9921875,244.02229436473775
1767584002106.3252,200.8359375,20853.9921875,245.00011682516296
1767584002126.9517,200.91015625,20853.9921875,244.21837152971779
1767584002147.5674,201.171875,20853.9921875,244.30656679209582
1767584002168.25,201.453125,20853.9921875,342.7118944788111
1767584002188.8823,202.01953125,20853.9921875,342.5839303633535
1767584002209.4492,202.8359375,20853.9921875,245.90504555421273
1767584002230.0205,203.12109375,20853.9921875,245.0516475812097
1767584002250.6155,203.1875,20853.9921875,195.91998411827234
1767584002271.2927,203.1875,20853.9921875,146.37590591301029
1767584002291.9512,203.1875,20853.9921875,244.18424852126037
1767584002312.5051,203.1875,20853.9921875,196.0481905184806
1767584002333.146,205.21484375,20853.9921875,195.12247769908024
1767584002353.8074,205.59765625,20853.9921875,341.2658863459384
1767584002374.6094,205.8515625,20853.9921875,292.4286411489906
1767584002395.2444,206.20703125,20853.9921875,341.59543920884374
1767584002415.8958,206.39453125,20853.9921875,195.44753028890977
1767584002436.5955,207.03515625,20853.9921875,194.95922375225163
1767584002457.432,207.03515625,20853.9921875,97.24231148205902
1767584002478.265,207.03515625,20853.9921875,146.03783570483628
1767584002498.8682,207.03515625,20853.9921875,98.00691653425345
1767584002519.3428,207.03515625,20853.9921875,344.606485991621
1767584002539.9497,209.140625,20853.9921875,244.64000746581968
1767584002560.5972,209.17578125,20853.9921875,294.4645519113515
1767584002581.1965,209.17578125,20853.9921875,195.73255556203716
1767584002601.73,209.3828125,20853.9921875,294.89587288195423
1767584002622.1973,209.578125,20853.9921875,147.6954281354508
1767584002642.6455,209.6484375,20853.9921875,147.86204303223428
1767584002663.1233,209.6484375,20853.9921875,147.6226521346376
1767584002683.6538,211.671875,20853.9921875,196.65485916566075
1767584002704.119,211.671875,20853.9921875,197.14707403055246
1767584002724.6948,211.671875,20853.9921875,146.89710243060165
1767584002745.2495,213.69140625,20855.9921875,147.0911450113944
1767584002765.83,215.24609375,20858.9921875,97.95427263597726
1767584002786.5286,215.24609375,20858.9921875,97.75793031115481
1767584002807.3044,215.3203125,20858.9921875,146.48325960419214
1767584002828.105,215.3203125,20858.9921875,146.2364111801933
1767584002848.8726,215.828125,20858.9921875,244.0819366852878
1767584002869.7334,215.828125,20858.9921875,146.09548578859494
1767584002890.4138,220.02734375,20861.4921875,147.44620865020804
1767584002910.9585,220.54296875,20861.4921875,147.2650156827876
1767584002931.4758,220.54296875,20861.4921875,196.6917476581784
1767584002952.03,220.54296875,20861.4921875,147.36332228559505
1767584002972.5537,223.21484375,20862.9921875,147.40475381605737
1767584002993.1128,228.73046875,20868.4921875,196.34875828008785
1767584003013.6987,233.9609375,20873.9921875,147.11866150662036
1767584003034.3167,239.21484375,20878.9921875,245.30962685694146
1767584003054.9414,242.90625,20882.4921875,146.9554330561537
1767584003075.5544,242.90625,20882.4921875,195.97490918011408
1767584003096.1667,242.90625,20882.4921875,147.09802317017258
1767584003116.9893,244.90625,20882.4921875,194.40124214965635
1767584003137.6,244.90625,20882.4921875,147.0292705156574
1767584003158.0366,244.90625,20882.4921875,197.22123477688018
1767584003178.6265,244.90625,20882.4921875,245.39574069740578
1767584003199.136,245.0859375,20882.9921875,147.54475739311616
1767584003219.5728,245.0859375,20882.9921875,147.67809400857317
1767584003240.1877,245.0859375,20882.9921875,147.1479090653912
1767584003260.6233,245.0859375,20882.9921875,147.72837418990952
1767584003281.046,245.0859375,20882.9921875,147.88984873593705
1767584003301.8022,245.0859375,20882.9921875,97.20287369641444
1767584003322.4858,245.0859375,20882.9921875,147.08598681441683
1767584003343.0352,247.0859375,20882.9921875,98.41741068809552
1767584003363.5232,247.0859375,20882.9921875,196.77248950294842
1767584003384.0085,247.328125,20882.9921875,196.87408763406373
1767584003404.4014,247.5859375,20882.9921875,197.33258056928238
1767584003424.9702,247.5859375,20882.9921875,146.85595574332686
1767584003445.3923,246.1875,20881.4921875,147.82556390978004
1767584003465.824,246.1875,20881.4921875,197.017426840148
1767584003486.2654,246.1875,20881.4921875,147.7231712041669
1767584003506.803,248.1875,20881.4921875,196.80711344681205
1767584003527.3247,248.1875,20881.4921875,147.58109804013245
1767584003547.8792,248.1875,20881.4921875,147.4220238304509
1767584003568.4463,248.1875,20881.4921875,147.26156871005935
1767584003588.9292,248.1875,20881.4921875,197.03825149447007
1767584003609.446,230.74609375,20864.4921875,196.4384183966231
1767584003630.046,228.79296875,20861.9921875,195.92456003082577
1767584003650.5938,228.79296875,20861.9921875,196.43381845005078
1767584003671.1477,227.80859375,20860.9921875,147.4202966469027
1767584003691.6152,227.80859375,20860.9921875,147.61399310198883
1767584003712.0955,227.80859375,20860.9921875,147.34951695064672
1767584003732.5295,227.80859375,20860.9921875,196.8833290304368
1767584003753.0798,229.80859375,20860.9921875,147.1066217732853
1767584003773.6409,229.80859375,20860.9921875,98.03325970854593
1767584003794.1628,229.80859375,20860.9921875,147.18233284985416
1767584003814.6924,229.80859375,20860.9921875,196.5350670649609
1767584003835.284,229.98828125,20860.9921875,147.10834161454062
1767584003855.8372,229.98828125,20860.9921875,196.36484509415655
1767584003876.4395,229.98828125,20860.9921875,146.93484048765094
1767584003896.9775,229.98828125,20860.9921875,196.51204685212753
1767584003917.6511,229.98828125,20860.9921875,195.161063676333
1767584003938.3125,231.98828125,20860.9921875,195.37242206514722
1767584003958.9714,231.98828125,20860.9921875,146.823397626629
1767584003979.5684,231.98828125,20860.9921875,146.7668836167737
1767584004000.206,231.98828125,20860.9921875,195.85594377837805
1767584004020.8308,231.98828125,20860.9921875,147.26673922966745
1767584004041.2913,231.98828125,20860.9921875,147.6365087000872
1767584004062.0505,231.98828125,20860.9921875,145.82289747244414
1767584004082.77,231.98828125,20860.9921875,146.51737307872003
1767584004103.391,231.98828125,20860.9921875,196.07110217723704
1767584004124.0051,232.08984375,20860.9921875,146.6027263194656
1767584004144.7144,234.08984375,20860.9921875,194.8844902890111
1767584004165.2585,234.08984375,20860.9921875,98.07222774302709
1767584004185.8542,234.08984375,20860.9921875,97.96456807856943
1767584004206.5645,234.08984375,20860.9921875,146.9279775805754
1767584004227.214,234.08984375,20860.9921875,146.7840044794892
1767584004247.7273,234.08984375,20860.9921875,98.1491084382438
1767584004268.2742,234.08984375,20860.9921875,147.14102624070037
1767584004288.754,234.08984375,20860.9921875,147.43757030371762
1767584004309.3428,234.08984375,20860.9921875,146.76859552330762
1767584004329.914,234.08984375,20860.9921875,146.80798039901683
1767584004350.5808,234.08984375,20860.9921875,146.6505675858427
1767584004371.1895,236.08984375,20860.9921875,195.41793530802235
1767584004391.7874,236.08984375,20860.9921875,146.65911395503895
1767584004412.3892,236.08984375,20860.9921875,97.73628959908447
1767584004432.9268,236.140625,20860.9921875,147.23916731999827
1767584004453.519,236.140625,20860.9921875,146.83881809270096
1767584004474.2085,236.140625,20860.9921875,195.07256554851912
1767584004494.797,236.140625,20860.9921875,146.713834314694
1767584004515.335,236.140625,20860.9921875,98.05732454295327
1767584004535.972,236.56640625,20860.9921875,97.5669124659776
1767584004556.5103,236.56640625,20860.9921875,98.03784257581746
1767584004577.1133,238.56640625,20860.9921875,97.73401218673698
1767584004597.7295,238.56640625,20860.9921875,97.89940013538461
1767584004618.427,238.56640625,20860.9921875,195.19058089885917
1767584004639.1045,238.56640625,20860.9921875,146.59760232078258
1767584004659.7551,238.56640625,20860.9921875,195.8513710703616
1767584004680.5828,238.56640625,20860.9921875,146.06326395579336
1767584004701.2761,238.56640625,20860.9921875,146.6915992445584
1767584004722.0935,238.56640625,20860.9921875,145.86346722309716
1767584004742.7458,238.56640625,20860.9921875,146.7412098100238
1767584004764.4788,238.56640625,20860.9921875,231.97557630193683
1767584004785.1206,244.703125,20860.9921875,195.424764123467
1767584004805.6436,244.703125,20860.9921875,147.1995507826265
1767584004826.1934,244.703125,20860.9921875,195.9863557777632
1767584004846.7393,244.703125,20860.9921875,147.024116657316
1767584004867.2563,244.703125,20860.9921875,196.39012969986874
1767584004887.7405,244.703125,20860.9921875,98.29862429398183
1767584004908.309,244.703125,20860.9921875,97.90397049555123
1767584004928.931,244.703125,20860.9921875,146.45768492114854
1767584004949.6448,244.7578125,20860.9921875,146.0785251573026
1767584004970.3093,244.7578125,20860.9921875,195.604761516126
1767584004990.855,244.7578125,20860.9921875,98.17667712187294
1767584005011.3723,244.7578125,20860.9921875,196.22704359114894
1767584005031.9521,244.7578125,20860.9921875,97.82975497684842
1767584005052.5342,244.7578125,20860.9921875,146.86795447914184
1767584005073.1987,244.7578125,20860.9921875,146.49519751317322
1767584005093.8984,244.7578125,20860.9921875,244.37773841709057
1767584005114.6863,244.80078125,20860.9921875,195.61844575292534
1767584005135.3535,244.80078125,20860.9921875,146.63347783526467
1767584005156.0527,245.05859375,20860.9921875,146.57540246488452
1767584005176.7744,245.05859375,20860.9921875,97.30209251612096
1767584005197.4224,245.05859375,20860.9921875,195.40883096310893
1767584005218.1392,244.58984375,20860.4921875,97.63504737075544
1767584005238.7705,244.58984375,20860.4921875,97.86513603061063
1767584005259.3618,244.58984375,20860.4921875,146.9314089539659
1767584005279.909,244.58984375,20860.4921875,98.0515937489108
1767584005300.4114,244.58984375,20860.4921875,98.27674355940135
1767584005321.081,244.58984375,20860.4921875,146.18204630737284
1767584005341.7969,244.58984375,20860.4921875,146.44916201117007
1767584005362.3499,244.58984375,20860.4921875,147.5361074958725
1767584005382.9312,244.58984375,20860.4921875,146.85595574332686
1767584005403.5574,244.58984375,20860.4921875,147.0069397387636
1767584005424.1172,244.58984375,20860.4921875,146.90739270537148
1767584005444.6208,244.58984375,20860.4921875,147.46348838026617
1767584005465.196,244.58984375,20860.4921875,196.05735453940363
1767584005485.844,244.58984375,20860.4921875,97.53628277425523
1767584005506.441,244.58984375,20860.4921875,147.37022592319
1767584005526.9163,244.58984375,20860.4921875,98.43935411190176
1767584005547.3945,244.58984375,20860.4921875,49.17985577769427
1767584005567.908,244.58984375,20860.4921875,147.31156561339935
1767584005588.4355,244.58984375,20860.4921875,147.10318221141168
1767584005609.0547,244.58984375,20860.4921875,48.90005013232498
1767584005629.6516,244.58984375,20860.4921875,98.13877417317602
1767584005650.266,244.58984375,20860.4921875,195.95201999555755
1767584005670.9043,244.58984375,20860.4921875,97.84687164652429
1767584005692.041,244.58984375,20860.4921875,143.4048140043818
1767584005712.6602,244.58984375,20860.4921875,98.0470095959398
1767584005733.2493,244.58984375,20860.4921875,147.1049019722428
1767584005753.806,244.58984375,20860.4921875,147.23399873628603
1767584005774.4927,244.66796875,20860.4921875,146.67620968211654
1767584005795.131,244.66796875,20860.4921875,146.6693709130297
1767584005815.7517,244.66796875,20860.4921875,48.92571855169735
1767584005836.4092,244.66796875,20860.4921875,97.70555348491155
1767584005857.079,244.66796875,20860.4921875,97.64186609553754
1767584005877.6582,244.66796875,20860.4921875,98.05847078214106
1767584005898.306,244.66796875,20860.4921875,146.76688361676503
1767584005918.8542,244.66796875,20860.4921875,98.35048597189179
1767584005939.5247,244.66796875,20860.4921875,97.59983245878162
1767584005960.0452,244.66796875,20860.4921875,98.32397205682194
1767584005980.5896,244.66796875,20860.4921875,147.4825007618525
1767584006001.1206,244.66796875,20860.4921875,147.23744441844696
1767584006021.6655,244.66796875,20860.4921875,98.08828241016617
1767584006042.2532,244.66796875,20860.4921875,146.86281192371123
1767584006062.9177,244.66796875,20860.4921875,146.56174435670414
1767584006083.5618,244.66796875,20860.4921875,146.50031435556795
1767584006104.2004,244.66796875,20860.4921875,146.7412098100238
1767584006124.7957,244.66796875,20860.4921875,146.7446324652813
1767584006145.3809,244.66796875,20860.4921875,146.8216844414335
1767584006165.9692,244.66796875,20860.4921875,98.10663703876757
1767584006186.4893,244.66796875,20860.4921875,49.07742531856658
1767584006207.0227,244.66796875,20860.4921875,98.20656067807512
1767584006227.646,244.66796875,20860.4921875,97.76248747173649
1767584006248.1953,244.66796875,20860.4921875,49.06823898267306
1767584006268.8408,244.66796875,20860.4921875,97.5396851235997
1767584006289.3762,244.66796875,20860.4921875,98.18931794506298
1767584006309.8745,244.66796875,20860.4921875,147.3150149271174
1767584006330.3674,244.66796875,20860.4921875,147.61226141735665
1767584006351.0134,244.66796875,20860.4921875,48.81013836683683
1767584006371.6104,244.66796875,20860.4921875,146.671080545515
1767584006392.2607,244.7890625,20860.4921875,97.79781987758463
1767584006412.9438,244.7890625,20860.4921875,0.0
1767584006433.5933,244.7890625,20860.4921875,97.67142491209069
1767584006454.3032,244.7890625,20860.4921875,194.63579201374895
1767584006474.974,244.7890625,20860.4921875,97.53628277425523
1767584006495.6282,244.7890625,20860.4921875,146.38952940491805
1767584006516.2302,244.7890625,20860.4921875,146.95371678832674
1767584006536.9058,244.7890625,20860.4921875,146.20922369017012
1767584006557.6907,244.83203125,20860.4921875,97.20512642239474
1767584006578.451,244.83203125,20860.4921875,146.2704097646002
1767584006599.1165,244.83203125,20860.4921875,146.6967298163856
1767584006619.6785,244.83203125,20860.4921875,147.45830403599743
1767584006640.2258,245.0625,20860.4921875,0.0
1767584006660.8022,245.0625,20860.4921875,48.970274372444955
1767584006681.265,245.0625,20860.4921875,98.46130732302571
1767584006701.714,245.0625,20860.4921875,49.18100911084168
1767584006722.134,245.0625,20860.4921875,0.0
1767584006742.7107,245.0625,20860.4921875,97.90054268542413
1767584006763.4543,245.0625,20860.4921875,146.778867801273
1767584006784.0781,245.0625,20860.4921875,147.15823450985582
1767584006804.669,245.0625,20860.4921875,98.0493016188483
1767584006825.2166,245.0625,20860.4921875,147.0292705156487
1767584006845.7346,245.0625,20860.4921875,147.41338831743636
1767584006866.4187,244.60546875,20859.9921875,243.62542256712047
1767584006887.1006,244.60546875,20859.9921875,97.37663965825251
1767584006907.76,244.60546875,20859.9921875,48.84651845295527
1767584006928.4365,244.60546875,20859.9921875,48.828321633545336
1767584006949.1118,244.60546875,20859.9921875,0.0
1767584006969.719,244.60546875,20859.9921875,48.980568011957104
1767584006990.2725,244.60546875,20859.9921875,49.12168271145048
1767584007010.7542,244.60546875,20859.9921875,49.223142823619945
1767584007031.2383,244.60546875,20859.9921875,98.42664883194082
1767584007051.772,244.60546875,20859.9921875,147.4410255208424
1767584007072.2805,244.60546875,20859.9921875,147.46694481230713
1767584007092.751,244.60546875,20859.9921875,196.89719275185882
1767584007113.2483,244.60546875,20859.9921875,98.3009280959949
1767584007133.8433,244.60546875,20859.9921875,97.94054874488991
1767584007154.39,244.60546875,20859.9921875,49.2427913966365
1767584007174.9016,244.60546875,20859.9921875,98.23761286318893
1767584007195.409,244.60546875,20859.9921875,49.17120750292978
1767584007215.8955,244.60546875,20859.9921875,0.0
1767584007236.5376,244.60546875,20859.9921875,48.86415956009029
1767584007257.0364,244.60546875,20859.9921875,49.137796105812114
1767584007277.497,244.60546875,20859.9921875,98.46015164675018
1767584007298.0112,244.60546875,20859.9921875,49.10040621379085
1767584007318.4978,244.60546875,20859.9921875,49.21505679151308
1767584007339.1946,244.60546875,20859.9921875,97.47961187612366
1767584007359.8567,242.6875,20859.9921875,97.9874545900614
1767584007380.4253,242.6875,20859.9921875,98.15485063711573
1767584007400.9053,242.6875,20859.9921875,49.1908146271657
1767584007421.3027,242.6875,20859.9921875,98.70111777856008
1767584007441.7725,242.6875,20859.9921875,98.34472086097941
1767584007462.3362,242.6875,20859.9921875,0.0
1767584007482.8582,242.6875,20859.9921875,49.09408432240859
1767584007503.3557,242.6875,20859.9921875,98.2560234260594
1767584007524.0586,242.6875,20859.9921875,0.0
1767584007544.5818,242.6875,20859.9921875,49.15449612675539
1767584007565.1543,242.6875,20859.9921875,48.95827059331525
1767584007585.6216,242.6875,20859.9921875,49.18216249809348
1767584007606.0928,242.6875,20859.9921875,147.44102552085113
1767584007626.5264,242.6875,20859.9921875,98.44744099801454
1767584007646.999,242.6875,20859.9921875,98.31014438402191
1767584007667.4546,242.6875,20859.9921875,49.197738522531616
1767584007687.9229,242.6875,20859.9921875,49.141250351484565
1767584007708.3884,242.6875,20859.9921875,49.20524160908378
1767584007728.893,242.6875,20859.9921875,98.11466934898853
1767584007749.399,242.6875,20859.9921875,49.13204010871352
1767584007769.8843,242.6875,20859.9921875,147.49633102801232
1767584007790.397,242.6875,20859.9921875,98.27213833014868
1767584007810.924,242.6875,20859.9921875,98.1491084382438
1767584007831.42,242.6875,20859.9921875,98.25717431537197
1767584007851.915,242.6875,20859.9921875,49.113054882260286
1767584007872.3687,242.6875,20859.9921875,49.17870249862125
1767584007892.8374,242.6875,20859.9921875,147.41338831743636
1767584007913.2937,242.6875,20859.9921875,98.45321815876979
1767584007933.741,242.6875,20859.9921875,147.57071317157255
1767584007954.1882,242.6875,20859.9921875,196.76787389753756
1767584007974.6013,242.6875,20859.9921875,147.79083861874244
1767584007995.0835,242.6875,20859.9921875,98.3608648750125
1767584008015.7278,242.6875,20859.9921875,0.0
1767584008036.385,242.6875,20859.9921875,48.97885210486262
1767584008057.0315,242.6875,20859.9921875,48.90689241030201
1767584008077.5542,242.6875,20859.9921875,49.13606916507434
1767584008098.044,242.6875,20859.9921875,0.0
1767584008118.5288,242.6875,20859.9921875,98.32281960218738
1767584008139.1338,242.6875,20859.9921875,49.08374292000082
1767584008159.7546,242.6875,20859.9921875,48.92343582327084
1767584008180.361,242.6875,20859.9921875,0.0
1767584008200.865,242.6875,20859.9921875,0.0
1767584008221.2842,242.6875,20859.9921875,49.32386283456313
1767584008241.7673,242.6875,20859.9921875,98.27098709027227
1767584008262.391,242.6875,20859.9921875,98.21575927877089
1767584008282.8462,242.6875,20859.9921875,49.18504620291654
1767584008303.323,242.6875,20859.9921875,98.3608648750125
1767584008323.8887,242.6875,20859.9921875,147.58455998779874
1767584008344.4634,242.6875,20859.9921875,98.11581692924689
1767584008365.0718,242.6875,20859.9921875,146.95371678831805
1767584008385.6316,242.6875,20859.9921875,98.10548967324593
1767584008406.2522,242.6875,20859.9921875,48.827753201395936
1767584008426.7434,242.6875,20859.9921875,98.30899225351078
1767584008447.344,243.1015625,20859.9921875,146.85081402812315
1767584008467.9004,243.1015625,20859.9921875,98.09860604360284
1767584008488.4473,243.1015625,20859.9921875,147.25295198417493
1767584008509.1294,243.1015625,20859.9921875,146.24150996024886
1767584008529.6643,243.1015625,20859.9921875,147.4565760022556
1767584008550.224,243.1015625,20859.9921875,97.9439793571266
1767584008570.8826,243.1015625,20859.9921875,48.78572591714536
1767584008591.4456,243.1015625,20859.9921875,98.17897521125232
1767584008611.9497,243.1015625,20859.9921875,147.37885637986926
1767584008632.488,243.1015625,20859.9921875,98.0928704234225
1767584008653.028,243.1015625,20859.9921875,98.15485063711573
1767584008673.5728,243.1015625,20859.9921875,147.19782880805525
1767584008694.2505,243.1015625,20859.9921875,146.13451019105136
1767584008714.7676,243.1015625,20859.9921875,147.2357215572071
1767584008735.269,243.1015625,20859.9921875,98.5341696619426
1767584008755.775,243.1015625,20859.9921875,147.2839769175901
1767584008776.393,243.1015625,20859.9921875,97.99203317563017
1767584008796.9426,243.1015625,20859.9921875,98.28365221262575
1767584008817.3586,243.1015625,20859.9921875,147.81167183535942
1767584008837.7297,243.1015625,20859.9921875,148.26799896305926
1767584008858.1802,243.1015625,20859.9921875,98.3574049972425
1767584008878.5864,243.1015625,20859.9921875,148.1074413239539
1767584008899.1934,243.1015625,20859.9921875,0.0
1767584008919.7498,243.1015625,20859.9921875,147.2632921762593
1767584008940.2148,243.1015625,20859.9921875,49.32270279169207
1767584008960.593,243.1015625,20859.9921875,49.37960913585955
1767584008981.0098,243.1015625,20859.9921875,0.0
1767584009001.478,243.1015625,20859.9921875,49.313424412724984
1767584009022.1462,243.1015625,20859.9921875,48.73131172301511
1767584009042.553,243.1015625,20859.9921875,49.30241087066297
1767584009063.1199,243.1015625,20859.9921875,98.12614635972963
1767584009083.6155,243.1015625,20859.9921875,98.3124487260603
1767584009104.7505,243.1015625,20859.9921875,238.54585162772202
1767584009125.3733,243.1015625,20859.9921875,97.6964502003147
1767584009145.8276,243.1015625,20859.9921875,147.5949468053966
1767584009166.2178,243.1015625,20859.9921875,0.0
1767584009186.642,243.1015625,20859.9921875,49.26824225907897
1767584009207.1184,243.3515625,20859.9921875,49.15449612675539
1767584009227.614,243.3515625,20859.9921875,49.09753242496501
1767584009248.147,243.6015625,20859.9921875,49.17927913139215
1767584009268.5981,243.6015625,20859.9921875,49.174089923206644
1767584009289.0942,243.6015625,20859.9921875,0.0
1767584009309.54,243.6015625,20859.9921875,49.22776460646359
1767584009330.0132,243.6015625,20859.9921875,49.12455932818672
1767584009350.4893,245.6015625,20859.9921875,0.0
1767584009370.9094,245.6015625,20859.9921875,49.25898435664855
1767584009391.4238,245.6015625,20859.9921875,0.0
1767584009411.7966,245.6015625,20859.9921875,49.362174885252564
1767584009432.255,245.6015625,20859.9921875,49.186199779541894
1767584009452.7288,245.6015625,20859.9921875,49.11650565022139
1767584009473.231,245.6015625,20859.9921875,0.0
1767584009493.724,245.6015625,20859.9921875,49.238166791876004
1767584009514.169,245.6015625,20859.9921875,0.0
1767584009534.6428,247.6015625,20859.9921875,98.270987090281
1767584009555.088,247.6015625,20859.9921875,49.228342390346484
1767584009575.532,247.6015625,20859.9921875,0.0
1767584009595.9832,247.6015625,20859.9921875,49.18158579770538
1767584009616.4473,247.6015625,20859.9921875,98.52954027578545
1767584009637.0598,247.6015625,20859.9921875,97.77616150314202
1767584009657.6782,247.6015625,20859.9921875,98.03096843556604
1767584009678.292,247.6015625,20859.9921875,0.0
1767584009698.9565,247.6015625,20859.9921875,48.87896515557523
1767584009719.5608,247.6015625,20859.9921875,0.0
1767584009740.1858,247.6015625,20859.9921875,48.959413556828146
1767584009760.6914,247.6015625,20859.9921875,147.52918830825917
1767584009781.29,249.6015625,20859.9921875,146.69844008674514
1767584009801.8696,249.6015625,20859.9921875,98.06534878011504
1767584009822.566,249.6015625,20859.9921875,146.5839400752523
1767584009843.1003,249.6015625,20859.9921875,49.09408432239987
1767584009863.5386,249.8984375,20859.9921875,49.2711360672954
1767584009884.065,249.8984375,20859.9921875,147.50151804658154
1767584009904.6333,249.8984375,20859.9921875,98.37470682052516
1767584009925.1187,249.8984375,20859.9921875,147.69889544915347
1767584009945.6072,249.8984375,20859.9921875,98.44281975755537
1767584009966.1453,249.8984375,20859.9921875,147.41338831743636
1767584009986.656,249.8984375,20859.9921875,98.39663120359191
1767584010007.177,249.8984375,20859.9921875,98.30784015000377
1767584010027.6895,249.8984375,20859.9921875,147.4565760022556
1767584010048.2166,249.8984375,20859.9921875,147.30121864134637
1767584010068.8267,249.8984375,20859.9921875,147.03786108254337
1767584010089.445,249.8984375,20859.9921875,98.01493252322915
1767584010110.077,249.8984375,20859.9921875,97.94054874488991
1767584010130.5525,249.8984375,20859.9921875,49.193122375734916
1767584010151.0242,249.8984375,20859.9921875,0.0
1767584010171.5344,249.8984375,20859.9921875,0.0
1767584010192.036,249.8984375,20859.9921875,98.25257091990701
1767584010212.477,249.8984375,20859.9921875,49.26129850606802
1767584010232.8862,249.8984375,20859.9921875,49.30125183660494
1767584010253.3003,249.8984375,20859.9921875,0.0
1767584010273.7205,249.8984375,20859.9921875,49.26071994833115
1767584010294.2068,249.8984375,20859.9921875,49.120532159093266
1767584010314.7734,249.8984375,20859.9921875,0.0
1767584010335.4172,249.8984375,20859.9921875,97.72945768043131
1767584010356.1807,249.8984375,20859.9921875,48.62904777914651
1767584010376.7974,250.15234375,20859.9921875,146.8251108518142
1767584010397.3557,250.15234375,20859.9921875,98.25832523162852
1767584010418.026,250.16796875,20860.9921875,97.52607715022928
1767584010438.5066,250.16796875,20860.9921875,0.0
1767584010459.139,250.16796875,20860.9921875,48.79650980164802
1767584010479.7092,250.16796875,20860.9921875,49.174666447806004
1767584010500.1414,250.16796875,20860.9921875,49.23527685500071
1767584010520.5713,250.16796875,20860.9921875,98.46824195043868
1767584010541.0579,250.16796875,20860.9921875,147.80125449292265
1767584010561.5374,250.16796875,20860.9921875,49.113629976571026
1767584010582.0303,250.16796875,20860.9921875,49.15680046880347
1767584010602.5796,250.16796875,20860.9921875,49.02121293579044
1767584010623.1045,250.16796875,20860.9921875,98.31360093758947
1767584010643.682,250.16796875,20860.9921875,98.049301618857
1767584010664.274,250.6796875,20860.9921875,147.20299485258525
1767584010684.872,250.9375,20860.9921875,146.70357113710318
1767584010705.449,250.9375,20860.9921875,97.91082683598465
1767584010726.1506,250.9375,20860.9921875,0.0
1767584010746.7163,250.9375,20860.9921875,97.96228001541289
1767584010767.3552,250.9375,20860.9921875,48.83684970425988
1767584010788.0989,250.9375,20860.9921875,194.3224341823279
1767584010808.7617,251.1953125,20860.9921875,97.81834719031474
1767584010829.4163,251.1953125,20860.9921875,97.71124389931184
1767584010850.164,251.1953125,20860.9921875,194.35169825308887
1767584010870.9143,251.1953125,20860.9921875,97.32015406747206
1767584010891.6025,251.1953125,20860.9921875,48.80616258233442
1767584010912.1802,251.1953125,20860.9921875,146.96058210019126
1767584010932.8342,251.1953125,20860.9921875,97.49660622965854
1767584010953.481,251.1953125,20860.9921875,146.49349197847332
1767584010974.0488,251.1953125,20860.9921875,48.99086597987076
1767584010994.6477,251.1953125,20860.9921875,97.79439949637228
1767584011015.1284,251.1953125,20860.9921875,98.33549808922962
1767584011035.5896,251.1953125,20860.9921875,98.34702682423351
1767584011056.2053,251.1953125,20860.9921875,48.84424310885696
1767584011076.6218,251.1953125,20860.9921875,147.98377024309914
1767584011097.1765,251.73046875,20861.9921875,147.12210179240458
1767584011117.6477,252.24609375,20861.9921875,0.0
1767584011138.1863,252.24609375,20861.9921875,49.03898047469491
1767584011158.6956,252.24609375,20861.9921875,49.0998314290968
1767584011179.1975,252.24609375,20861.9921875,98.36893886981615
1767584011199.606,252.24609375,20861.9921875,148.00813974003395
1767584011220.0413,252.24609375,20861.9921875,98.58396305131943
1767584011240.435,252.24609375,20861.9921875,98.66745080511205
1767584011260.9028,252.24609375,20861.9921875,147.59148437042376
1767584011281.3845,252.24609375,20861.9921875,147.39266721331236
1767584011301.8037,252.24609375,20861.9921875,98.54342973944296
1767584011322.2988,252.50390625,20861.9921875,147.38576147305358
1767584011342.882,252.50390625,20861.9921875,97.87427077985511
1767584011363.395,252.50390625,20861.9921875,0.0
1767584011383.8474,252.50390625,20861.9921875,49.20812802101419
1767584011404.2883,252.50390625,20861.9921875,0.0
1767584011424.7349,252.50390625,20861.9921875,49.19139154401754
1767584011445.234,252.50390625,20861.9921875,0.0
1767584011465.7932,252.50390625,20861.9921875,0.0
1767584011486.2493,252.50390625,20861.9921875,49.28966449261608
1767584011506.7244,252.50390625,20861.9921875,49.185622984469724
1767584011527.1682,252.50390625,20861.9921875,0.0
1767584011547.684,252.50390625,20861.9921875,49.06249926890203
1767584011568.1448,252.50390625,20861.9921875,0.0
1767584011588.5608,252.50390625,20861.9921875,49.318643071322896
1767584011609.0283,252.50390625,20861.9921875,0.0
1767584011629.412,252.50390625,20861.9921875,0.0
1767584011649.828,252.50390625,20861.9921875,49.24510402480458
1767584011670.3474,252.50390625,20861.9921875,49.054465925162454
1767584011690.8357,252.50390625,20861.9921875,0.0
1767584011711.2554,252.50390625,20861.9921875,0.0
1767584011731.7126,252.50390625,20861.9921875,49.164867367639054
1767584011752.1555,252.50390625,20861.9921875,0.0
1767584011772.6465,252.50390625,20861.9921875,49.15852886710538
1767584011793.1123,252.50390625,20861.9921875,0.0
1767584011813.5164,252.50390625,20861.9921875,49.28908526841045
1767584011834.0212,252.50390625,20861.9921875,0.0
1767584011854.4253,252.50390625,20861.9921875,98.69298916432135
1767584011874.8752,252.50390625,20861.9921875,49.20524160907504
1767584011895.3572,252.50390625,20861.9921875,0.0
1767584011915.8623,252.50390625,20861.9921875,0.0
1767584011936.3176,252.50390625,20861.9921875,49.234698908330266
1767584011956.8267,252.50390625,20861.9921875,0.0
1767584011977.4438,252.50390625,20861.9921875,97.8217692469135
1767584011998.0913,252.50390625,20861.9921875,49.02636992705215
1767584012018.622,252.50390625,20861.9921875,49.06996115869549
1767584012039.048,252.50390625,20861.9921875,0.0
1767584012059.7388,252.50390625,20861.9921875,48.676453862838045
1767584012080.4714,252.50390625,20861.9921875,0.0
1767584012101.1685,252.50390625,20861.9921875,48.84196797671797
1767584012121.8008,252.50390625,20861.9921875,48.98285607512327
1767584012142.551,252.50390625,20861.9921875,0.0
1767584012163.2283,252.50390625,20861.9921875,49.02579687445976
1767584012183.9756,252.50390625,20861.9921875,146.01749947778896
1767584012204.5068,252.50390625,20861.9921875,49.143553451758166
1767584012225.023,252.50390625,20861.9921875,0.0
1767584012245.528,252.50390625,20861.9921875,0.0
1767584012266.177,252.50390625,20861.9921875,97.59642591213493
1767584012286.713,252.50390625,20861.9921875,49.044141205074375
1767584012307.2686,252.50390625,20861.9921875,0.0
1767584012327.9128,252.50390625,20861.9921875,48.7777829464826
1767584012348.5566,252.50390625,20861.9921875,0.0
1767584012369.0623,252.50390625,20861.9921875,98.2548725636986
1767584012389.801,252.50390625,20861.9921875,0.0
1767584012410.4927,252.50390625,20861.9921875,0.0
1767584012431.1792,252.50390625,20861.9921875,48.731311723006456
1767584012451.8357,252.50390625,20861.9921875,0.0
1767584012472.3977,252.50390625,20861.9921875,48.96455755314202
1767584012492.8813,252.50390625,20861.9921875,49.14700850693873
1767584012513.4292,252.50390625,20861.9921875,49.00517589876229
1767584012533.9788,252.50390625,20861.9921875,98.24796795579059
1767584012554.6648,252.50390625,20861.9921875,97.6691505216248
1767584012575.408,252.50390625,20861.9921875,97.51360650971614
1767584012596.205,252.76171875,20861.9921875,194.96148929741375
1767584012616.9492,252.76171875,20861.9921875,97.67369940851977
1767584012637.7285,252.76171875,20861.9921875,48.814114799115096
1767584012658.3877,252.76171875,20861.9921875,48.90917359516606
1767584012679.1433,252.76171875,20861.9921875,97.64186609553754
1767584012699.8032,252.76171875,20861.9921875,97.86056929537823
1767584012720.4177,252.34375,20861.4921875,0.0
1767584012741.0667,254.34375,20861.4921875,48.94627269757569
1767584012761.7598,254.34375,20861.4921875,97.80010026464996
1767584012782.3953,254.34375,20861.4921875,48.96284276757953
1767584012803.0403,254.34375,20861.4921875,146.7018607471025
1767584012823.708,254.34375,20861.4921875,97.80694206396191
1767584012844.3833,254.34375,20861.4921875,0.0
1767584012864.9116,254.34375,20861.4921875,49.042994282247534
1767584012885.5464,254.34375,20861.4921875,0.0
1767584012906.292,254.34375,20861.4921875,0.0
1767584012926.9055,254.34375,20861.4921875,48.938277366819776
1767584012947.6184,254.34375,20861.4921875,48.748303114820615
1767584012968.1838,254.34375,20861.4921875,0.0
1767584012988.732,254.34375,20861.4921875,0.0
1767584013009.4214,254.34375,20861.4921875,48.82775320138726
1767584013030.0789,254.34375,20861.4921875,0.0
1767584013050.763,254.34375,20861.4921875,0.0
1767584013071.5547,254.34375,20861.4921875,48.66289983873787
1767584013092.308,254.34375,20861.4921875,0.0
1767584013112.8823,254.34375,20861.4921875,49.04643521170253
1767584013133.352,254.34375,20861.4921875,0.0
1767584013153.864,254.34375,20861.4921875,49.033247603468034
1767584013174.3088,254.34375,20861.4921875,0.0
1767584013194.8,254.34375,20861.4921875,0.0
1767584013215.3281,254.34375,20861.4921875,49.12628545994478
1767584013235.7502,254.34375,20861.4921875,49.26708483098005
1767584013256.1277,254.34375,20861.4921875,0.0
1767584013276.7695,254.34375,20861.4921875,0.0
1767584013297.4485,254.34375,20861.4921875,48.80729845467157
1767584013318.24,254.34375,20861.4921875,0.0
1767584013338.9092,254.34375,20861.4921875,48.93827736680239
1767584013359.458,254.34375,20861.4921875,49.100981011907535
1767584013380.1235,254.34375,20861.4921875,0.0
1767584013400.6619,254.34375,20861.4921875,49.05102386884019
1767584013421.282,254.34375,20861.4921875,0.0
1767584013441.9802,254.34375,20861.4921875,49.018348409422615
1767584013462.91,254.34375,20861.4921875,0.0
1767584013483.589,254.34375,20861.4921875,0.0
1767584013504.2302,254.34375,20861.4921875,48.90119037904019
1767584013524.781,254.34375,20861.4921875,0.0
1767584013545.3965,254.34375,20861.4921875,0.0
1767584013566.1772,254.34375,20861.4921875,48.626228900008876
1767584013586.8564,254.34375,20861.4921875,0.0
1767584013607.4949,254.34375,20861.4921875,0.0
1767584013628.0674,254.34375,20861.4921875,48.9737051048603
1767584013648.6726,254.34375,20861.4921875,48.963985944585815
1767584013669.396,254.34375,20861.4921875,0.0
1767584013690.1428,254.34375,20861.4921875,48.64371122065127
1767584013711.239,254.34375,20861.4921875,0.0
1767584013731.8237,254.34375,20861.4921875,48.93085546962349
1767584013752.4722,254.34375,20861.4921875,0.0
1767584013773.1304,254.34375,20861.4921875,0.0
1767584013793.71,254.34375,20861.4921875,49.02579687444234
1767584013814.2642,254.34375,20861.4921875,0.0
1767584013834.8022,254.34375,20861.4921875,98.04357176250376
1767584013855.3984,254.34375,20861.4921875,146.7685955233163
1767584013876.016,253.88671875,20860.9921875,0.0
1767584013896.6465,253.88671875,20860.9921875,48.867575439830546
1767584013917.2322,253.88671875,20860.9921875,49.00288574999317
1767584013937.9011,253.88671875,20860.9921875,97.58620769885543
1767584013958.5718,253.88671875,20860.9921875,0.0
1767584013979.2366,253.88671875,20860.9921875,48.89548967719152
1767584013999.9888,253.88671875,20860.9921875,0.0
1767584014020.635,253.88671875,20860.9921875,0.0
1767584014041.2432,253.88671875,20860.9921875,48.93599346634763
1767584014061.8667,253.88671875,20860.9921875,0.0
1767584014082.5798,253.88671875,20860.9921875,48.942274705646106
1767584014103.2214,253.88671875,20860.9921875,0.0
1767584014123.7998,253.88671875,20860.9921875,0.0
1767584014144.5122,253.88671875,20860.9921875,48.68549407434813
1767584014165.1797,253.88671875,20860.9921875,48.896629711242326
1767584014185.8796,253.88671875,20860.9921875,0.0
1767584014206.5466,253.88671875,20860.9921875,49.097532424956285
1767584014227.2131,253.88671875,20860.9921875,0.0
1767584014247.7761,253.88671875,20860.9921875,49.060777616626766
1767584014268.3752,253.88671875,20860.9921875,49.05446592517988
1767584014289.068,253.88671875,20860.9921875,48.7630385751233
1767584014309.7732,253.88671875,20860.9921875,97.37890044576315
1767584014330.3071,253.88671875,20860.9921875,0.0
1767584014351.0273,253.88671875,20860.9921875,48.64935336079169
1767584014371.671,253.88671875,20860.9921875,48.901760522317424
1767584014392.2427,253.88671875,20860.9921875,49.07340587341354
1767584014412.772,253.88671875,20860.9921875,49.0521711672631
1767584014433.34,253.88671875,20860.9921875,147.26673922966745
1767584014453.9927,253.88671875,20860.9921875,0.0
1767584014474.6094,253.88671875,20860.9921875,0.0
1767584014495.2222,253.88671875,20860.9921875,0.0
1767584014515.7656,253.88671875,20860.9921875,49.07972244000814
1767584014536.4011,253.88671875,20860.9921875,48.868714172521386
1767584014557.1099,253.88671875,20860.9921875,48.765306359715915
1767584014577.9397,253.88671875,20860.9921875,0.0
1767584014598.6995,253.88671875,20860.9921875,48.698495262872186
1767584014619.332,253.88671875,20860.9921875,0.0
1767584014639.971,253.88671875,20860.9921875,48.81979654071706
1767584014660.5232,253.88671875,20860.9921875,0.0
1767584014681.1714,253.88671875,20860.9921875,48.78402363423538
1767584014701.8274,253.88671875,20860.9921875,48.8852317626156
1767584014722.3765,253.88671875,20860.9921875,0.0
1767584014742.9211,253.88671875,20860.9921875,49.09465897251841
1767584014763.5164,253.88671875,20860.9921875,0.0
1767584014784.131,253.88671875,20860.9921875,0.0
1767584014804.6177,253.88671875,20860.9921875,49.145856767911695
1767584014825.1577,253.88671875,20860.9921875,0.0
1767584014845.6416,253.88671875,20860.9921875,0.0
1767584014866.2751,253.88671875,20860.9921875,48.8021874454496
1767584014886.9563,253.88671875,20860.9921875,0.0
1767584014907.5266,253.88671875,20860.9921875,49.10960459916231
1767584014928.1504,253.88671875,20860.9921875,0.0
1767584014948.8115,253.88671875,20860.9921875,48.81525104165005
1767584014969.486,253.88671875,20860.9921875,0.0
1767584014990.202,253.88671875,20860.9921875,48.714332171883456
1767584015010.8706,253.88671875,20860.9921875,0.0
1767584015031.5515,253.88671875,20860.9921875,48.79196863767732
1767584015052.2734,253.88671875,20860.9921875,0.0
1767584015072.8984,253.88671875,20860.9921875,48.815251041632706
1767584015093.5125,253.88671875,20860.9921875,0.0
1767584015114.143,253.88671875,20860.9921875,48.880104419176014
1767584015134.705,253.88671875,20860.9921875,0.0
1767584015155.2937,253.88671875,20860.9921875,0.0
1767584015175.9036,253.88671875,20860.9921875,49.002313246245826
1767584015196.6042,253.88671875,20860.9921875,0.0
1767584015217.649,253.88671875,20860.9921875,48.86359029322047
1767584015238.3928,253.88671875,20860.9921875,0.0
1767584015259.0806,253.88671875,20860.9921875,48.86814479955092
1767584015279.543,253.88671875,20860.9921875,0.0
1767584015299.9995,253.88671875,20860.9921875,0.0
1767584015320.4873,253.88671875,20860.9921875,49.223720498998524
1767584015341.0085,253.88671875,20860.9921875,49.0969577075777
1767584015361.5066,253.88671875,20860.9921875,0.0
1767584015382.0637,253.88671875,20860.9921875,49.16774904462354
1767584015402.7048,253.88671875,20860.9921875,0.0
1767584015423.2534,253.88671875,20860.9921875,49.224298187971264
1767584015443.7463,253.88671875,20860.9921875,49.193122375726176
1767584015464.2214,253.88671875,20860.9921875,0.0
1767584015484.6978,253.88671875,20860.9921875,98.39663120359191
1767584015505.2034,253.88671875,20860.9921875,0.0
1767584015525.7332,253.88671875,20860.9921875,0.0
1767584015546.2776,253.88671875,20860.9921875,0.0
1767584015566.856,253.88671875,20860.9921875,49.01720269258561
1767584015587.424,253.88671875,20860.9921875,0.0
1767584015608.0334,253.88671875,20860.9921875,48.95655624811093
1767584015628.7065,253.88671875,20860.9921875,0.0
1767584015649.4102,253.88671875,20860.9921875,48.882952810515434
1767584015670.1418,253.88671875,20860.9921875,0.0
1767584015690.856,253.88671875,20860.9921875,0.0
1767584015711.4348,253.88671875,20860.9921875,0.0
1767584015732.0354,253.88671875,20860.9921875,48.898909938783625
1767584015752.6123,253.88671875,20860.9921875,0.0
1767584015773.2024,253.88671875,20860.9921875,48.90974392461362
1767584015793.823,253.88671875,20860.9921875,48.85619103089279
1767584015814.485,253.88671875,20860.9921875,49.00460334150211
1767584015835.0923,253.88671875,20860.9921875,0.0
1767584015855.6926,253.88671875,20860.9921875,48.965129174992185
1767584015876.3176,253.88671875,20860.9921875,0.0
1767584015897.0437,253.88671875,20860.9921875,0.0
1767584015917.6147,253.88671875,20860.9921875,49.131464583152734
1767584015938.1826,253.88671875,20860.9921875,0.0
1767584015958.805,253.88671875,20860.9921875,0.0
1767584015979.4346,253.88671875,20860.9921875,49.00460334151952
1767584015999.987,253.88671875,20860.9921875,49.11132968009889
1767584016020.507,253.88671875,20860.9921875,0.0
1767584016041.0312,253.88671875,20860.9921875,49.11305488226901
1767584016061.6074,253.88671875,20860.9921875,0.0
1767584016082.2424,253.88671875,20860.9921875,48.90233067890689
1767584016102.8735,253.88671875,20860.9921875,48.88181341414435
1767584016123.4583,253.88671875,20860.9921875,0.0
1767584016143.9976,253.88671875,20860.9921875,147.06535764376434
1767584016164.617,253.88671875,20860.9921875,48.98857716836011
1767584016185.3062,253.88671875,20860.9921875,48.88067407087027
1767584016205.9143,253.88671875,20860.9921875,0.0
1767584016226.4927,253.88671875,20860.9921875,49.06996115869549
1767584016247.1038,253.88671875,20860.9921875,0.0
1767584016267.7036,253.88671875,20860.9921875,0.0
1767584016288.3616,253.88671875,20860.9921875,48.95712768315765
1767584016309.059,253.88671875,20860.9921875,48.756236486633874
1767584016329.6765,253.88671875,20860.9921875,0.0
1767584016350.3262,253.88671875,20860.9921875,48.76190476191238
1767584016370.9194,253.88671875,20860.9921875,0.0
1767584016391.4976,253.88671875,20860.9921875,0.0
1767584016412.1042,253.88671875,20860.9921875,48.93713538991886
1767584016432.703,253.88671875,20860.9921875,0.0
1767584016453.3298,253.88671875,20860.9921875,48.85391478557383
1767584016474.0486,253.88671875,20860.9921875,0.0
1767584016494.6655,253.88671875,20860.9921875,0.0
1767584016515.2708,253.88671875,20860.9921875,48.92971383907287
1767584016535.9136,253.88671875,20860.9921875,48.87896515558391
1767584016556.5273,253.88671875,20860.9921875,0.0
1767584016577.2534,253.88671875,20860.9921875,48.71489796628492
1767584016598.133,253.88671875,20860.9921875,0.0
1767584016618.7659,253.88671875,20860.9921875,0.0
1767584016639.5298,253.88671875,20860.9921875,48.67588896110686
1767584016660.1343,253.88671875,20860.9921875,0.0
1767584016680.753,253.88671875,20860.9921875,48.84196797671797
1767584016701.3818,253.88671875,20860.9921875,48.833438118531326
1767584016722.0654,253.88671875,20860.9921875,0.0
1767584016742.8308,253.88671875,20860.9921875,0.0
1767584016763.4968,253.88671875,20860.9921875,49.03898047467749
1767584016784.1108,253.88671875,20860.9921875,0.0
1767584016804.802,253.88671875,20860.9921875,48.760204140935905
1767584016825.41,253.88671875,20860.9921875,0.0
1767584016846.0576,253.88671875,20860.9921875,48.828321633554005
1767584016866.7,253.88671875,20860.9921875,0.0
1767584016887.3018,253.88671875,20860.9921875,48.9274307378147
1767584016907.9692,253.88671875,20860.9921875,0.0
1767584016928.6436,253.88671875,20860.9921875,48.823206220615724
1767584016949.2957,253.88671875,20860.9921875,0.0
1767584016970.0393,253.88671875,20860.9921875,0.0
1767584016990.6868,253.88671875,20860.9921875,48.8732696341082
1767584017011.415,253.88671875,20860.9921875,48.7692754903975
1767584017032.0957,253.88671875,20860.9921875,0.0
1767584017052.7556,253.88671875,20860.9921875,97.50907252205444
1767584017073.317,253.88671875,20860.9921875,48.969130901813685
1767584017093.7468,253.88671875,20860.9921875,0.0
1767584017114.2505,253.88671875,20860.9921875,49.096957707560264
1767584017134.7676,253.88671875,20860.9921875,0.0
1767584017155.256,253.88671875,20860.9921875,0.0
1767584017175.697,253.88671875,20860.9921875,0.0
1767584017196.1091,253.88671875,20860.9921875,49.285031079975624
1767584017216.587,253.88671875,20860.9921875,0.0
1767584017237.048,253.88671875,20860.9921875,49.21909947544698
1767584017257.592,253.88671875,20860.9921875,49.009756838558275
1767584017278.0374,253.88671875,20860.9921875,49.238744819983516
1767584017298.5085,253.88671875,20860.9921875,0.0
1767584017319.0854,253.88671875,20860.9921875,48.912595771468155
1767584017339.772,253.88671875,20860.9921875,0.0
1767584017360.517,253.88671875,20860.9921875,48.703584574840114
1767584017381.0505,253.88671875,20860.9921875,0.0
1767584017401.479,253.88671875,20860.9921875,49.23874481996602
1767584017422.0051,253.88671875,20860.9921875,0.0
1767584017442.43,253.88671875,20860.9921875,49.298933932000324
1767584017462.8926,253.88671875,20860.9921875,0.0
1767584017483.4258,253.88671875,20860.9921875,49.08948760563488
1767584017503.888,253.88671875,20860.9921875,49.24163516401718
1767584017524.346,253.88671875,20860.9921875,0.0
1767584017544.829,253.88671875,20860.9921875,0.0
1767584017565.2507,253.88671875,20860.9921875,0.0
1767584017585.6802,253.88671875,20860.9921875,49.22660907937615
1767584017606.114,253.88671875,20860.9921875,0.0
1767584017626.553,253.88671875,20860.9921875,49.250308232456064
1767584017647.005,253.88671875,20860.9921875,0.0
1767584017667.4434,253.88671875,20860.9921875,49.238166791876004
1767584017687.8586,253.88671875,20860.9921875,49.3209628296841
1767584017708.2979,253.88671875,20860.9921875,0.0
1767584017728.8213,253.88671875,20860.9921875,49.042420840941205
1767584017749.3499,253.88671875,20860.9921875,0.0
1767584017769.823,253.88671875,20860.9921875,49.160833587275434
1767584017790.3142,253.88671875,20860.9921875,0.0
1767584017810.767,253.88671875,20860.9921875,49.206973415620446
1767584017831.1902,253.88671875,20860.9921875,0.0
1767584017851.6106,253.88671875,20860.9921875,49.266506137301526
1767584017872.0837,253.88671875,20860.9921875,0.0
1767584017892.571,253.88671875,20860.9921875,49.1383717797094
1767584017913.1436,253.88671875,20860.9921875,0.0
1767584017933.5964,253.88671875,20860.9921875,0.0
1767584017954.057,253.88671875,20860.9921875,49.185622984469724
1767584017974.4668,253.88671875,20860.9921875,49.29777506141977
1767584017994.9978,253.88671875,20860.9921875,0.0
1767584018015.472,253.88671875,20860.9921875,49.16774904460607
1767584018035.8694,253.88671875,20860.9921875,0.0
1767584018056.3708,253.88671875,20860.9921875,98.28710690349887
1767584018076.8635,253.88671875,20860.9921875,0.0
1767584018097.266,253.88671875,20860.9921875,0.0
1767584018117.6436,253.88671875,20860.9921875,49.35636620382038
1767584018138.1091,253.88671875,20860.9921875,0.0
1767584018158.5225,253.88671875,20860.9921875,49.33430567643517
1767584018178.9714,253.88671875,20860.9921875,0.0
1767584018199.4001,253.88671875,20860.9921875,49.27808259414505
1767584018219.866,253.88671875,20860.9921875,0.0
1767584018240.4216,253.88671875,20860.9921875,49.02522383524622
1767584018260.9292,253.88671875,20860.9921875,0.0
1767584018281.365,253.88671875,20860.9921875,0.0
1767584018301.8354,253.88671875,20860.9921875,49.26071994831365
1767584018322.324,253.88671875,20860.9921875,0.0
1767584018342.9626,253.88671875,20860.9921875,48.83571245605402
1767584018363.5195,253.88671875,20860.9921875,49.13952316793586
1767584018384.1494,253.88671875,20860.9921875,0.0
1767584018404.8145,253.88671875,20860.9921875,0.0
1767584018425.502,253.88671875,20860.9921875,0.0
1767584018446.105,253.88671875,20860.9921875,48.970846127790935
1767584018466.704,253.88671875,20860.9921875,0.0
1767584018487.278,253.88671875,20860.9921875,49.026942993076126
1767584018507.9055,253.88671875,20860.9921875,0.0
1767584018528.557,253.88671875,20860.9921875,48.90518166129338
1767584018549.3435,253.88671875,20860.9921875,0.0
1767584018570.207,253.88671875,20860.9921875,48.56767021770097
1767584018590.921,253.88671875,20860.9921875,48.83400668305203
1767584018611.6746,253.88671875,20860.9921875,0.0
1767584018632.391,253.88671875,20860.9921875,0.0
1767584018652.906,253.88671875,20860.9921875,49.20293272331709
1767584018673.3335,253.88671875,20860.9921875,0.0
1767584018693.8018,253.88671875,20860.9921875,49.149888090753784
1767584018714.3096,253.88671875,20860.9921875,0.0
1767584018734.7952,253.88671875,20860.9921875,0.0
1767584018755.2795,253.88671875,20860.9921875,49.23643278904828
1767584018775.8398,253.88671875,20860.9921875,0.0
1767584018796.386,253.88671875,20860.9921875,0.0
1767584018816.875,253.88671875,20860.9921875,49.193122375726176
1767584018837.253,253.88671875,20860.9921875,0.0
1767584018857.8323,253.88671875,20860.9921875,146.77030746979514
1767584018878.5671,253.88671875,20860.9921875,0.0
1767584018899.1572,253.88671875,20860.9921875,49.00460334151952
1767584018919.7656,253.88671875,20860.9921875,48.91373660333258
1767584018940.3984,253.88671875,20860.9921875,0.0
1767584018960.9934,253.88671875,20860.9921875,0.0
1767584018981.5986,253.88671875,20860.9921875,49.00174075589293
1767584019002.391,253.88671875,20860.9921875,48.5817339433505
1767584019022.992,253.88671875,20860.9921875,0.0
1767584019043.6323,253.88671875,20860.9921875,49.037833793207874
1767584019064.1672,253.88671875,20860.9921875,0.0
1767584019084.6763,253.88671875,20860.9921875,0.0
1767584019105.3162,253.88671875,20860.9921875,48.87440863221195
1767584019126.0881,253.88671875,20860.9921875,97.17022089913368
1767584019146.7046,253.88671875,20860.9921875,48.99143821616642
1767584019167.325,253.88671875,20860.9921875,0.0
1767584019187.8687,253.88671875,20860.9921875,98.22495960280007
1767584019208.4707,253.88671875,20860.9921875,0.0
1767584019229.2256,253.88671875,20860.9921875,0.0
1767584019249.7947,253.88671875,20860.9921875,0.0
1767584019270.3386,253.88671875,20860.9921875,49.08029675396868
1767584019290.851,253.88671875,20860.9921875,0.0
1767584019311.3738,253.88671875,20860.9921875,49.09523363611592
1767584019332.0037,253.88671875,20860.9921875,48.82150132112495
1767584019352.6704,253.88671875,20860.9921875,0.0
1767584019373.3523,253.88671875,20860.9921875,0.0
1767584019393.9163,253.88671875,20860.9921875,0.0
1767584019414.6494,253.88671875,20860.9921875,48.9040412284491
1767584019435.2795,253.88671875,20860.9921875,48.80729845467157
1767584019455.9807,253.88671875,20860.9921875,0.0
1767584019476.665,253.88671875,20860.9921875,48.83173250440264
1767584019497.2756,253.88671875,20860.9921875,0.0
1767584019517.9346,253.88671875,20860.9921875,0.0
1767584019538.7117,253.88671875,20860.9921875,48.75453626101856
1767584019559.471,253.88671875,20860.9921875,0.0
1767584019580.1958,253.88671875,20860.9921875,0.0
1767584019600.9739,253.88671875,20860.9921875,48.64766058132473
1767584019621.5535,253.88671875,20860.9921875,0.0
1767584019642.2554,253.88671875,20860.9921875,48.71037197903963
1767584019662.9583,253.88671875,20860.9921875,48.91772993399566
1767584019683.4668,253.88671875,20860.9921875,0.0
1767584019703.8926,253.88671875,20860.9921875,49.32618308402314
1767584019724.3254,253.88671875,20860.9921875,0.0
1767584019744.7292,253.88671875,20860.9921875,0.0
1767584019765.159,253.88671875,20860.9921875,49.3354662651638
1767584019785.5986,253.88671875,20860.9921875,0.0
1767584019806.113,253.88671875,20860.9921875,49.13261564774041
1767584019826.5068,253.88671875,20860.9921875,0.0
1767584019846.9773,253.88671875,20860.9921875,0.0
1767584019867.3691,253.88671875,20860.9921875,49.33894835900677
1767584019887.8103,253.88671875,20860.9921875,0.0
1767584019908.2898,253.88671875,20860.9921875,49.12513469197301
1767584019928.7783,253.88671875,20860.9921875,0.0
1767584019949.2021,253.88671875,20860.9921875,49.2589843566573
1767584019969.6448,253.88671875,20860.9921875,49.23527685498322
1767584019990.1863,253.88671875,20860.9921875,0.0
1767584020010.6204,253.88671875,20860.9921875,0.0
1767584020031.072,253.88671875,20860.9921875,49.18677658812479
1767584020051.503,253.88671875,20860.9921875,0.0
1767584020071.9902,253.88671875,20860.9921875,49.12628545997969
1767584020092.45,253.88671875,20860.9921875,0.0
1767584020112.982,253.88671875,20860.9921875,0.0
1767584020133.4536,253.88671875,20860.9921875,49.220254649993144
1767584020153.934,210.7890625,20831.4921875,49.131464583152734
1767584020174.4006,210.7890625,20812.4296875,0.0
1767584020194.8372,210.7890625,20812.4296875,0.0
1767584020215.2712,210.7890625,20812.4296875,49.24047898568509
1767584020235.6687,210.7890625,20812.4296875,49.31342441273374
1767584020256.1924,210.7890625,20812.4296875,0.0
1767584020276.6497,210.7890625,20812.4296875,0.0
1767584020297.1006,210.7890625,20812.4296875,49.20177836169209
1767584020317.5535,210.7890625,20812.4296875,0.0
1767584020338.0208,210.7890625,20812.4296875,49.22025465001063
1767584020358.426,210.7890625,20812.4296875,0.0
1767584020378.874,210.7890625,20812.4296875,49.1925454182842
1767584020399.481,210.7890625,20812.4296875,0.0
1767584020419.9626,210.7890625,20812.4296875,0.0
1767584020440.6936,210.7890625,20812.4296875,48.65499680993742
1767584020461.4167,210.7890625,20812.4296875,97.9394052608648
1767584020482.0142,226.62890625,20836.4921875,98.01378730167681
1767584020502.4404,231.69140625,20841.4921875,0.0
1767584020522.887,231.69140625,20841.4921875,98.5040864255498
1767584020543.3247,231.69140625,20841.4921875,0.0
1767584020563.8152,231.69140625,20841.4921875,0.0
1767584020584.2488,231.69140625,20841.4921875,49.26534879078022
1767584020604.712,231.69140625,20841.4921875,0.0
1767584020625.2036,231.69140625,20841.4921875,49.14182610630415
1767584020645.745,231.69140625,20841.4921875,48.977136317979934
1767584020666.247,231.69140625,20841.4921875,0.0
1767584020686.6929,231.69140625,20841.4921875,0.0
1767584020707.1194,231.69140625,20841.4921875,49.237588777374604
1767584020727.5383,231.69140625,20841.4921875,0.0
1767584020748.01,231.69140625,20841.4921875,49.18158579769665
1767584020768.4373,231.69140625,20841.4921875,0.0
1767584020788.9165,231.69140625,20841.4921875,0.0
1767584020809.3833,231.69140625,20841.4921875,49.28561020893346
1767584020829.7861,231.69140625,20841.4921875,0.0
1767584020850.287,231.69140625,20841.4921875,49.071683455601836
1767584020870.7295,231.69140625,20841.4921875,0.0
1767584020891.1606,231.69140625,20841.4921875,49.266506137301526
1767584020911.606,231.69140625,20841.4921875,0.0
1767584020932.1055,231.69140625,20841.4921875,0.0
1767584020952.532,231.69140625,20841.4921875,49.26419149861586
1767584020973.015,231.69140625,20841.4921875,49.12283331772528
1767584020993.535,231.69140625,20841.4921875,0.0
1767584021014.0771,231.69140625,20841.4921875,0.0
1767584021034.5657,231.69140625,20841.4921875,49.15737658805454
1767584021055.118,231.69140625,20841.4921875,49.13204010869606
1767584021075.593,231.69140625,20841.4921875,0.0
1767584021096.1414,231.69140625,20841.4921875,49.159681200195216
1767584021116.6384,231.69140625,20841.4921875,0.0
1767584021137.1816,231.69140625,20841.4921875,0.0
1767584021157.6353,231.69140625,20841.4921875,0.0
1767584021178.2153,231.69140625,20841.4921875,49.02064000373023
1767584021198.722,231.69140625,20841.4921875,0.0
1767584021219.3953,231.69140625,20841.4921875,48.76814138713628
1767584021239.9917,231.69140625,20841.4921875,0.0
1767584021260.5493,231.69140625,20841.4921875,49.12686086415739
1767584021281.051,231.69140625,20841.4921875,49.12743628186675
1767584021301.578,231.69140625,20841.4921875,0.0
1767584021322.1758,231.69140625,20841.4921875,0.0
1767584021342.7346,231.69140625,20841.4921875,49.00403079763825
1767584021363.3342,231.69140625,20841.4921875,0.0
1767584021383.9788,231.69140625,20841.4921875,48.787428318859334
1767584021404.6104,233.97265625,20843.9921875,48.92286517442718
1767584021425.3447,235.47265625,20845.4921875,48.95941355683684
1767584021445.9417,235.47265625,20845.4921875,0.0
1767584021466.5198,235.47265625,20845.4921875,49.05676089777852
1767584021486.9543,235.47265625,20845.4921875,0.0
1767584021507.3298,235.47265625,20845.4921875,49.378446469363276
1767584021527.792,235.47265625,20845.4921875,0.0
1767584021548.1926,235.47265625,20845.4921875,49.346494582151905
1767584021568.5984,235.47265625,20845.4921875,0.0
1767584021589.191,235.47265625,20845.4921875,0.0
1767584021609.5867,235.47265625,20845.4921875,49.33140444351123
1767584021630.0107,235.47265625,20845.4921875,0.0
1767584021650.3894,235.47265625,20845.4921875,49.37321514754583
1767584021670.7668,235.47265625,20845.4921875,0.0
1767584021691.2815,235.47265625,20845.4921875,49.06307317986917
1767584021711.874,235.47265625,20845.4921875,0.0
1767584021732.3394,235.47265625,20845.4921875,0.0
1767584021752.9082,235.47265625,20845.4921875,48.901190379022815
1767584021773.3782,235.47265625,20845.4921875,0.0
1767584021793.8638,235.47265625,20845.4921875,49.09810715582492
1767584021814.3535,235.47265625,20845.4921875,0.0
1767584021834.7065,235.47265625,20845.4921875,0.0
1767584021855.074,235.47265625,20845.4921875,49.42499587566468
1767584021875.462,235.47265625,20845.4921875,0.0
1767584021895.7947,235.47265625,20845.4921875,49.45180154686811
1767584021916.22,235.47265625,20845.4921875,49.243947683573104
1767584021936.6545,235.47265625,20845.4921875,0.0
1767584021957.1663,235.47265625,20845.4921875,0.0
1767584021977.6187,235.47265625,20845.4921875,49.23180937849235
1767584021998.1987,235.47265625,20845.4921875,0.0
1767584022018.5872,235.47265625,20845.4921875,49.359270373629485
1767584022039.0864,235.80078125,20845.9921875,0.0
1767584022059.6826,235.80078125,20845.9921875,48.933138890499514
1767584022080.3044,235.80078125,20845.9921875,0.0
1767584022100.8591,235.80078125,20845.9921875,0.0
1767584022121.4993,235.80078125,20845.9921875,48.97942406054436
1767584022142.0513,235.80078125,20845.9921875,49.06651692754797
1767584022162.4624,235.80078125,20845.9921875,0.0
1767584022182.9333,235.80078125,20845.9921875,0.0
1767584022203.3862,235.80078125,20845.9921875,49.27345135861243
1767584022223.8418,235.80078125,20845.9921875,0.0
1767584022244.2852,235.80078125,20845.9921875,49.218521908507185
1767584022264.6921,235.80078125,20845.9921875,0.0
1767584022285.111,235.80078125,20845.9921875,0.0
1767584022305.6033,235.80078125,20845.9921875,49.0831685253959
1767584022326.0706,235.80078125,20845.9921875,0.0
1767584022346.4692,235.80078125,20845.9921875,0.0
1767584022366.908,235.80078125,20845.9921875,49.3053086942288
1767584022387.323,235.80078125,20845.9921875,0.0
1767584022407.7424,235.80078125,20845.9921875,49.238744819983516
1767584022428.1946,235.80078125,20845.9921875,0.0
1767584022448.6653,235.80078125,20845.9921875,49.23874481996602
1767584022469.208,235.80078125,20845.9921875,0.0
1767584022489.6074,235.80078125,20845.9921875,0.0
1767584022510.0845,235.80078125,20845.9921875,0.0
1767584022530.504,235.80078125,20845.9921875,49.32038286964859
1767584022550.904,235.80078125,20845.9921875,49.30762719833496
1767584022571.34,235.80078125,20845.9921875,0.0
1767584022591.7522,235.80078125,20845.9921875,0.0
1767584022612.1516,235.80078125,20845.9921875,49.329663867530584
1767584022632.554,235.80078125,20845.9921875,0.0
1767584022653.0,235.80078125,20845.9921875,0.0
1767584022673.4187,235.80078125,20845.9921875,0.0
1767584022693.8772,235.80078125,20845.9921875,49.15449612674666
1767584022714.5881,235.80078125,20845.9921875,0.0
1767584022735.1643,235.80078125,20845.9921875,48.9874328428014
1767584022755.7878,235.80078125,20845.9921875,48.88865058921655
1767584022776.4502,235.80078125,20845.9921875,0.0
1767584022797.1248,235.80078125,20845.9921875,0.0
1767584022817.6733,235.80078125,20845.9921875,0.0
1767584022838.3604,235.80078125,20845.9921875,48.82832163353666
1767584022858.9717,235.80078125,20845.9921875,0.0
1767584022879.6685,235.80078125,20845.9921875,48.92685999580822
1767584022900.405,235.80078125,20845.9921875,0.0
1767584022921.0737,235.80078125,20845.9921875,48.81127442422425
1767584022941.666,236.6015625,20846.9921875,146.92283082097168
1767584022962.2368,241.92578125,20850.9921875,0.0
1767584022982.8474,241.92578125,20850.9921875,49.00403079762084
1767584023003.5117,241.92578125,20850.9921875,0.0
1767584023024.1106,241.92578125,20850.9921875,49.05905608515885
1767584023044.643,241.92578125,20850.9921875,0.0
1767584023065.2734,241.92578125,20850.9921875,0.0
1767584023085.832,241.92578125,20850.9921875,49.050450239728285
1767584023106.4172,241.92578125,20850.9921875,0.0
1767584023126.9978,241.92578125,20850.9921875,0.0
1767584023147.639,241.92578125,20850.9921875,48.8345752608124
1767584023168.171,241.92578125,20850.9921875,0.0
1767584023188.6917,241.92578125,20850.9921875,49.056187134493165
1767584023209.3052,241.92578125,20850.9921875,0.0
1767584023229.9143,241.92578125,20850.9921875,0.0
1767584023250.5735,241.92578125,20850.9921875,48.965129174992185
1767584023271.1956,241.92578125,20850.9921875,48.92229453893036
1767584023291.7537,241.92578125,20850.9921875,0.0
1767584023312.3755,241.92578125,20850.9921875,48.81581918272792
1767584023333.0017,241.92578125,20850.9921875,0.0
1767584023353.6648,241.92578125,20850.9921875,48.86586744026954
1767584023374.3335,241.92578125,20850.9921875,0.0
1767584023394.9875,241.92578125,20850.9921875,0.0
1767584023415.6018,241.92578125,20850.9921875,48.975992526846866
1767584023436.3396,241.92578125,20850.9921875,0.0
1767584023457.1094,241.92578125,20850.9921875,0.0
1767584023477.7097,241.92578125,20850.9921875,0.0
1767584023498.3665,241.92578125,20850.9921875,48.877256359766655
1767584023519.0325,241.92578125,20850.9921875,0.0
1767584023539.563,241.92578125,20850.9921875,49.07455421911318
1767584023560.2998,241.92578125,20850.9921875,0.0
1767584023580.844,241.92578125,20850.9921875,49.029808524076586
1767584023601.473,241.92578125,20850.9921875,0.0
1767584023622.1047,241.92578125,20850.9921875,48.90917359516606
1767584023642.6887,241.92578125,20850.9921875,0.0
1767584023663.3796,241.92578125,20850.9921875,0.0
1767584023684.0215,241.92578125,20850.9921875,48.984572262763976
1767584023704.6519,241.92578125,20850.9921875,48.96512917497479
1767584023725.261,241.92578125,20850.9921875,0.0
1767584023746.4614,241.92578125,20850.9921875,94.96573194617314
1767584023767.0896,241.92578125,20850.9921875,48.87611722891296
1767584023787.65,241.92578125,20850.9921875,0.0
1767584023808.2605,241.92578125,20850.9921875,48.843674305934016
1767584023828.8157,241.92578125,20850.9921875,0.0
1767584023849.4124,241.92578125,20850.9921875,49.00689365083841
1767584023870.0735,241.92578125,20850.9921875,0.0
1767584023890.7407,241.92578125,20850.9921875,48.823206220615724
1767584023911.3813,241.92578125,20850.9921875,0.0
1767584023931.9788,241.92578125,20850.9921875,48.94056148048652
1767584023952.6218,241.92578125,20850.9921875,0.0
1767584023973.2554,241.92578125,20850.9921875,48.867575439830546
1767584023993.8403,241.92578125,20850.9921875,0.0
1767584024014.7944,241.92578125,20850.9921875,48.964557553107234
1767584024035.491,241.92578125,20850.9921875,0.0
1767584024056.1392,241.92578125,20850.9921875,0.0
1767584024076.7485,241.92578125,20850.9921875,48.87326963412556
1767584024097.366,241.92578125,20850.9921875,0.0
1767584024118.0427,241.92578125,20850.9921875,48.81695550459346
1767584024138.6516,241.92578125,20850.9921875,0.0
1767584024159.354,241.92578125,20850.9921875,48.787995812483025
1767584024180.0303,241.92578125,20850.9921875,0.0
1767584024200.7573,241.92578125,20850.9921875,0.0
1767584024221.5046,241.92578125,20850.9921875,48.76360550148426
1767584024242.087,241.92578125,20850.9921875,0.0
1767584024262.5483,241.92578125,20850.9921875,49.27287251539702
1767584024283.0857,241.92578125,20850.9921875,0.0
1767584024303.5754,241.92578125,20850.9921875,98.48905169478381
1767584024324.1694,210.80078125,20812.4296875,0.0
1767584024344.8462,210.80078125,20812.4296875,0.0
1767584024365.4294,210.80078125,20812.4296875,49.03726047257381
1767584024386.0642,210.80078125,20812.4296875,0.0
1767584024406.5383,210.80078125,20812.4296875,49.22083225761794
1767584024426.95,210.80078125,20812.4296875,0.0
1767584024447.4036,210.80078125,20812.4296875,49.18793024591204
1767584024467.8381,210.80078125,20812.4296875,0.0
1767584024488.399,210.80078125,20812.4296875,0.0
1767584024508.8555,210.80078125,20812.4296875,0.0
1767584024529.283,210.80078125,20812.4296875,49.28503107999313
1767584024549.7488,210.80078125,20812.4296875,0.0
1767584024570.265,210.80078125,20812.4296875,49.11995690310421
1767584024590.7449,210.80078125,20812.4296875,0.0
1767584024611.2175,210.80078125,20812.4296875,0.0
1767584024631.623,210.80078125,20812.4296875,49.29777506141977
1767584024652.1685,210.80078125,20812.4296875,48.96512917497479
1767584024672.8557,210.80078125,20812.4296875,0.0
1767584024693.489,210.80078125,20812.4296875,48.99429959815865
1767584024714.0356,210.80078125,20812.4296875,0.0
1767584024734.4436,210.80078125,20812.4296875,49.29777506141977
1767584024754.9258,210.80078125,20812.4296875,0.0
1767584024775.3845,210.80078125,20812.4296875,0.0
1767584024795.8389,210.80078125,20812.4296875,49.172360430480964
1767584024816.3289,210.80078125,20812.4296875,0.0
1767584024836.8188,210.80078125,20812.4296875,0.0
1767584024857.3293,210.80078125,20812.4296875,49.162562269245214
1767584024877.8472,210.80078125,20812.4296875,0.0
1767584024898.3633,210.80078125,20812.4296875,49.315163842878455
1767584024918.9575,210.80078125,20812.4296875,0.0
1767584024939.4927,210.80078125,20812.4296875,49.121107428521505
1767584024960.0173,210.80078125,20812.4296875,49.11995690312166
1767584024980.5623,210.80078125,20812.4296875,0.0
1767584025001.0894,210.80078125,20812.4296875,49.08489174956882
1767584025021.604,210.80078125,20812.4296875,0.0
1767584025042.1829,210.80078125,20812.4296875,0.0
1767584025062.8281,210.80078125,20812.4296875,48.790265919074585
1767584025083.501,210.80078125,20812.4296875,0.0
1767584025104.101,210.80078125,20812.4296875,49.03611387152225
1767584025124.6907,210.80078125,20812.4296875,0.0
1767584025145.2505,210.80078125,20812.4296875,48.98514435204108
1767584025165.7678,210.80078125,20812.4296875,0.0
1767584025186.4487,210.80078125,20812.4296875,48.80502676286544
1767584025207.137,210.80078125,20812.4296875,0.0
1767584025227.809,210.80078125,20812.4296875,48.817523685382056
1767584025248.3696,210.80078125,20812.4296875,0.0
1767584025268.9639,210.80078125,20812.4296875,0.0
1767584025289.5059,210.80078125,20812.4296875,49.095233636098484
1767584025310.028,210.80078125,20812.4296875,0.0
1767584025330.4712,210.80078125,20812.4296875,0.0
1767584025350.9207,210.80078125,20812.4296875,49.27055727844147
1767584025371.3494,210.80078125,20812.4296875,49.259562873626265
1767584025391.954,210.80078125,20812.4296875,0.0
1767584025412.4724,210.80078125,20812.4296875,0.0
1767584025433.0059,210.80078125,20812.4296875,49.03554059108639
1767584025453.4666,210.80078125,20812.4296875,0.0
1767584025474.0295,210.80078125,20812.4296875,0.0
1767584025494.5173,210.80078125,20812.4296875,49.10960459916231
1767584025515.009,210.80078125,20812.4296875,0.0
1767584025535.5183,210.80078125,20812.4296875,49.098107155807476
1767584025555.9763,210.80078125,20812.4296875,0.0
1767584025576.4272,210.80078125,20812.4296875,0.0
1767584025597.005,210.80078125,20812.4296875,48.90233067892427
1767584025617.5432,210.80078125,20812.4296875,0.0
1767584025638.0688,210.80078125,20812.4296875,98.25142013843944
1767584025658.5645,210.80078125,20812.4296875,0.0
1767584025679.1245,210.80078125,20812.4296875,0.0
1767584025699.6628,210.80078125,20812.4296875,49.14297765645357
1767584025720.1697,210.80078125,20812.4296875,0.0
1767584025740.6345,210.80078125,20812.4296875,49.184469434908074
1767584025761.2415,210.80078125,20812.4296875,48.95427064122838
1767584025781.715,210.80078125,20812.4296875,0.0
1767584025802.1917,210.80078125,20812.4296875,49.1850462029078
1767584025822.6714,210.80078125,20812.4296875,0.0
1767584025843.2004,210.80078125,20812.4296875,0.0
1767584025863.6414,210.80078125,20812.4296875,49.30588829983596
1767584025884.0754,210.80078125,20812.4296875,0.0
1767584025904.5818,210.80078125,20812.4296875,0.0
1767584025925.1943,210.80078125,20812.4296875,0.0
1767584025945.6235,210.80078125,20812.4296875,49.29603685768377
1767584025966.0938,210.80078125,20812.4296875,0.0
1767584025986.548,210.80078125,20812.4296875,49.211592162374345
1767584026007.0747,210.80078125,20812.4296875,49.117656013966666
1767584026027.4941,210.80078125,20812.4296875,0.0
1767584026047.8843,210.80078125,20812.4296875,0.0
1767584026068.3613,210.80078125,20812.4296875,0.0
1767584026088.7905,210.80078125,20812.4296875,49.23527685500071
1767584026109.224,210.80078125,20812.4296875,0.0
1767584026129.6536,210.80078125,20812.4296875,0.0
1767584026150.1953,210.80078125,20812.4296875,97.96342403363099
1767584026170.589,210.80078125,20812.4296875,0.0
1767584026191.0566,210.80078125,20812.4296875,0.0
1767584026211.484,210.80078125,20812.4296875,49.2798195319186
1767584026231.975,210.80078125,20812.4296875,0.0
1767584026252.4731,210.80078125,20812.4296875,49.13549354514486
1767584026272.9934,210.80078125,20812.4296875,0.0
1767584026293.4739,210.80078125,20812.4296875,0.0
1767584026314.01,210.80078125,20812.4296875,0.0
1767584026334.4575,210.80078125,20812.4296875,49.20986003072948
1767584026354.9556,210.80078125,20812.4296875,49.09465897251841
1767584026375.366,210.80078125,20812.4296875,0.0
1767584026395.7495,210.80078125,20812.4296875,49.33256489573935
1767584026416.216,210.80078125,20812.4296875,0.0
1767584026436.8914,210.80078125,20812.4296875,0.0
1767584026457.5273,210.80078125,20812.4296875,0.0
1767584026478.3801,210.80078125,20812.4296875,0.0
1767584026498.957,210.80078125,20812.4296875,49.08374292000955
1767584026519.4712,210.80078125,20812.4296875,0.0
1767584026539.923,210.80078125,20812.4296875,49.26129850605052
1767584026560.3694,210.80078125,20812.4296875,0.0
1767584026580.982,210.80078125,20812.4296875,48.87383912654139
1767584026601.6555,210.80078125,20812.4296875,0.0
1767584026622.4387,210.80078125,20812.4296875,0.0
1767584026643.1426,210.80078125,20812.4296875,48.87156123648865
1767584026663.744,210.80078125,20812.4296875,0.0
1767584026684.3171,210.80078125,20812.4296875,48.994871914687536
1767584026704.893,210.80078125,20812.4296875,0.0
1767584026725.4924,210.80078125,20812.4296875,48.943988050791816
1767584026746.228,210.80078125,20812.4296875,0.0
1767584026766.9016,210.80078125,20812.4296875,48.77494679798548
1767584026787.572,210.80078125,20812.4296875,48.78005210272441
1767584026808.1262,210.80078125,20812.4296875,0.0
1767584026828.7202,210.80078125,20812.4296875,0.0
1767584026849.428,210.80078125,20812.4296875,48.83286956724984
1767584026870.146,210.80078125,20812.4296875,0.0
1767584026890.7607,210.80078125,20812.4296875,48.95827059330655
1767584026911.462,210.80078125,20812.4296875,0.0
1767584026932.1426,210.80078125,20812.4296875,48.69679906190171
1767584026952.7795,210.80078125,20812.4296875,0.0
1767584026973.4702,210.80078125,20812.4296875,0.0
1767584026994.2407,210.80078125,20812.4296875,0.0
1767584027014.9846,210.80078125,20812.4296875,48.706978040472
1767584027035.658,210.80078125,20812.4296875,0.0
1767584027056.327,210.80078125,20812.4296875,48.8169555046108
1767584027076.9087,210.80078125,20812.4296875,0.0
1767584027097.519,210.80078125,20812.4296875,48.87042237109427
1767584027118.2278,210.80078125,20812.4296875,0.0
1767584027138.9534,210.80078125,20812.4296875,48.782321470116955
1767584027159.719,210.80078125,20812.4296875,0.0
1767584027180.3555,210.80078125,20812.4296875,49.042420840941205
1767584027200.9812,210.80078125,20812.4296875,48.9308554696061
1767584027221.589,210.80078125,20812.4296875,0.0
1767584027242.2004,210.80078125,20812.4296875,48.94284580736033
1767584027262.8025,210.80078125,20812.4296875,0.0
1767584027283.4565,210.80078125,20812.4296875,48.88922044014192
1767584027304.0078,210.80078125,20812.4296875,0.0
1767584027324.5647,210.80078125,20812.4296875,49.06479499326391
1767584027345.1875,210.80078125,20812.4296875,0.0
1767584027365.8215,210.80078125,20812.4296875,0.0
1767584027386.6565,210.80078125,20812.4296875,48.67362948522322
1767584027407.2297,210.80078125,20812.4296875,0.0
1767584027427.7234,210.80078125,20812.4296875,0.0
1767584027448.252,210.80078125,20812.4296875,0.0
1767584027468.7515,210.80078125,20812.4296875,98.19506484993002
1767584027489.2288,210.80078125,20812.4296875,0.0
1767584027509.641,210.80078125,20812.4296875,0.0
1767584027530.1482,210.80078125,20812.4296875,0.0
1767584027550.566,210.80078125,20812.4296875,49.29198152566847
1767584027571.0356,210.80078125,20812.4296875,0.0
1767584027591.6091,210.80078125,20812.4296875,48.98571645468117
1767584027612.226,210.80078125,20812.4296875,0.0
1767584027632.921,210.80078125,20812.4296875,48.777215690369296
1767584027653.5046,210.80078125,20812.4296875,0.0
1767584027674.2053,210.80078125,20812.4296875,48.702453524716915
1767584027694.805,210.80078125,20812.4296875,48.96855918647526
1767584027715.4507,210.80078125,20812.4296875,0.0
1767584027736.1125,210.80078125,20812.4296875,0.0
1767584027756.761,210.80078125,20812.4296875,146.46791372266557
1767584027778.0413,225.6484375,20835.4921875,95.11001258517467
1767584027798.796,232.89453125,20842.4921875,97.58507247388172
1767584027819.4807,236.5703125,20846.4921875,48.76190476191238
1767584027840.1187,236.5703125,20846.4921875,0.0
1767584027860.8088,236.5703125,20846.4921875,48.7925362369322
1767584027881.5134,236.5703125,20846.4921875,97.57031695261776
1767584027902.2466,239.5546875,20848.9921875,0.0
1767584027922.8938,239.5546875,20848.9921875,0.0
1767584027943.534,239.5546875,20848.9921875,48.81241053451378
1767584027964.1743,239.5546875,20848.9921875,0.0
1767584027984.743,239.5546875,20848.9921875,49.05848226818396
1767584028005.368,239.5546875,20848.9921875,48.82434288640101
1767584028026.1362,239.5546875,20848.9921875,0.0
1767584028046.828,239.5546875,20848.9921875,0.0
1767584028067.4814,239.5546875,20848.9921875,48.86017497059348
1767584028088.059,239.5546875,20848.9921875,48.94798632262211
1767584028108.631,239.5546875,20848.9921875,0.0
1767584028129.233,239.5546875,20848.9921875,48.88580153384293
1767584028149.9302,239.5546875,20848.9921875,97.43771779026879
1767584028170.7275,239.5546875,20848.9921875,0.0
1767584028191.384,239.5546875,20848.9921875,0.0
1767584028211.8909,239.5546875,20848.9921875,49.090062148139246
1767584028232.511,239.5546875,20848.9921875,0.0
1767584028253.176,239.5546875,20848.9921875,48.787995812500355
1767584028273.6956,239.5546875,20848.9921875,0.0
1767584028294.255,239.5546875,20848.9921875,0.0
1767584028314.8967,239.5546875,20848.9921875,0.0
1767584028335.5415,239.5546875,20848.9921875,48.78118676002716
1767584028356.2144,239.5546875,20848.9921875,0.0
1767584028376.9155,239.5546875,20848.9921875,48.790265919074585
1767584028397.4727,239.5546875,20848.9921875,0.0
1767584028418.1208,239.5546875,20848.9921875,0.0
1767584028438.7083,239.5546875,20848.9921875,48.935422524537756
1767584028459.3337,239.5546875,20848.9921875,48.91601842672069
1767584028479.8667,239.5546875,20848.9921875,0.0
1767584028500.401,239.5546875,20848.9921875,0.0
1767584028520.9536,239.5546875,20848.9921875,0.0
1767584028541.6973,239.5546875,20848.9921875,48.80673051191158
1767584028562.3887,239.5546875,20848.9921875,0.0
1767584028582.9453,239.5546875,20848.9921875,0.0
1767584028603.616,239.5546875,20848.9921875,48.698495262854884
1767584028624.1985,239.5546875,20848.9921875,0.0
1767584028644.7654,239.5546875,20848.9921875,0.0
1767584028665.4202,239.5546875,20848.9921875,48.873839126524025
1767584028686.009,239.5546875,20848.9921875,0.0
1767584028706.5115,239.5546875,20848.9921875,98.22841016875269
1767584028727.0679,239.5546875,20848.9921875,48.99258272884519
1767584028747.6812,239.5546875,20848.9921875,0.0
1767584028768.3071,239.5546875,20848.9921875,48.808434379863215
1767584028788.8984,239.5546875,20848.9921875,0.0
1767584028809.4336,239.5546875,20848.9921875,49.061925371413565
1767584028829.985,239.5546875,20848.9921875,0.0
1767584028850.463,239.5546875,20848.9921875,0.0
1767584028871.0193,239.5546875,20848.9921875,48.98171201680679
1767584028891.6116,239.5546875,20848.9921875,0.0
1767584028912.247,239.5546875,20848.9921875,0.0
1767584028932.9197,239.5546875,20848.9921875,48.77381243094558
1767584028953.5425,239.5546875,20848.9921875,0.0
1767584028974.198,239.5546875,20848.9921875,48.93656442146292
1767584028994.765,239.5546875,20848.9921875,0.0
1767584029015.3416,239.5546875,20848.9921875,48.998878504680555
1767584029036.0698,239.5546875,20848.9921875,0.0
1767584029056.7952,239.5546875,20848.9921875,48.70019158201052
1767584029077.5222,239.5546875,20848.9921875,0.0
1767584029098.0767,239.5546875,20848.9921875,49.072257581437846
1767584029119.121,239.5546875,20848.9921875,0.0
1767584029139.7158,239.5546875,20848.9921875,49.0086115233068
1767584029160.255,239.5546875,20848.9921875,0.0
1767584029180.7651,239.5546875,20848.9921875,0.0
1767584029201.2402,239.5546875,20848.9921875,49.19946980094844
1767584029221.6665,239.5546875,20848.9921875,0.0
1767584029242.3057,239.5546875,20848.9921875,48.76303857510598
1767584029262.9265,239.5546875,20848.9921875,0.0
1767584029283.4875,239.5546875,20848.9921875,49.05848226818396
1767584029304.0547,239.5546875,20848.9921875,0.0
1767584029324.627,239.5546875,20848.9921875,48.97427694032969
1767584029345.334,239.5546875,20848.9921875,48.735841602555894
1767584029365.9233,239.5546875,20848.9921875,0.0
1767584029386.531,239.5546875,20848.9921875,0.0
1767584029407.0876,239.5546875,20848.9921875,98.10204773766294
1767584029427.6782,239.5546875,20848.9921875,97.94855388065938
1767584029448.4307,242.35546875,20851.9921875,48.691145911925396
1767584029469.1233,242.62109375,20852.4921875,48.74263800116974
1767584029489.7515,242.62109375,20852.4921875,0.0
1767584029510.2693,242.62109375,20852.4921875,0.0
1767584029530.6648,242.62109375,20852.4921875,49.31922299044219
1767584029551.1777,242.62109375,20852.4921875,0.0
1767584029571.5989,242.62109375,20852.4921875,98.508713420074
1767584029592.0679,242.62109375,20852.4921875,0.0
1767584029612.455,242.62109375,20852.4921875,0.0
1767584029632.859,242.62109375,20852.4921875,49.291402246987445
1767584029653.3289,242.62109375,20852.4921875,0.0
1767584029673.8345,242.62109375,20852.4921875,49.08316852537846
1767584029694.2468,242.62109375,20852.4921875,0.0
1767584029714.8154,242.62109375,20852.4921875,48.984000186849386
1767584029735.2341,242.62109375,20852.4921875,0.0
1767584029755.6506,242.62109375,20852.4921875,49.31574368019584
1767584029776.2014,242.62109375,20852.4921875,49.08144542221325
1767584029796.6875,243.1328125,20852.4921875,49.120532159075815
1767584029817.148,243.1328125,20852.4921875,0.0
1767584029837.6182,243.1328125,20852.4921875,0.0
1767584029858.1624,243.1328125,20852.4921875,49.086615094744765
1767584029878.8066,243.1328125,20852.4921875,0.0
1767584029899.5132,243.1328125,20852.4921875,48.74547039340642
1767584029920.0315,243.1328125,20852.4921875,49.1142050843589
1767584029940.5718,243.1328125,20852.4921875,0.0
1767584029961.1147,243.1328125,20852.4921875,0.0
1767584029981.7957,243.1328125,20852.4921875,48.81070638892884
1767584030002.5237,243.1328125,20852.4921875,0.0
1767584030023.284,243.1328125,20852.4921875,0.0
1767584030043.9412,243.1328125,20852.4921875,48.844811924993195
1767584030064.6714,243.1328125,20852.4921875,146.19223664184773
1767584030085.2615,244.50390625,20853.9921875,49.06422104204964
1767584030105.7227,244.76171875,20853.9921875,0.0
1767584030126.1921,244.76171875,20853.9921875,49.22660907937615
1767584030146.595,244.76171875,20853.9921875,0.0
1767584030167.1865,244.76171875,20853.9921875,49.04184741304479
1767584030187.6702,244.76171875,20853.9921875,0.0
1767584030208.0925,244.76171875,20853.9921875,0.0
1767584030228.5498,244.76171875,20853.9921875,49.15852886710538
1767584030248.9314,244.76171875,20853.9921875,0.0
1767584030269.401,244.76171875,20853.9921875,0.0
1767584030289.9023,244.76171875,20853.9921875,0.0
1767584030310.404,244.76171875,20853.9921875,49.27403021544566
1767584030330.8572,244.76171875,20853.9921875,0.0
1767584030351.2786,244.76171875,20853.9921875,49.25204321278365
1767584030371.6882,244.76171875,20853.9921875,49.28097755846147
1767584030392.163,244.76171875,20853.9921875,0.0
1767584030412.6248,244.76171875,20853.9921875,49.15852886710538
1767584030433.1467,244.76171875,20853.9921875,0.0
1767584030453.6184,244.76171875,20853.9921875,49.17005462944193
1767584030474.0977,244.76171875,20853.9921875,0.0
1767584030494.5122,244.76171875,20853.9921875,49.27055727844147
1767584030514.943,244.76171875,20853.9921875,0.0
1767584030535.4211,244.76171875,20853.9921875,49.12225800785449
1767584030555.8254,244.76171875,20853.9921875,0.0
1767584030576.2957,244.76171875,20853.9921875,0.0
1767584030596.846,244.76171875,20853.9921875,49.02121293580785
1767584030617.3064,244.76171875,20853.9921875,49.24452584738316
1767584030637.731,244.76171875,20853.9921875,0.0
1767584030658.2,244.76171875,20853.9921875,0.0
1767584030678.7012,244.76171875,20853.9921875,49.102705487077294
1767584030699.2722,244.76171875,20853.9921875,49.07512841212591
1767584030719.7527,244.76171875,20853.9921875,0.0
1767584030740.2412,244.76171875,20853.9921875,49.34997823299709
1767584030760.6672,244.76171875,20853.9921875,0.0
1767584030781.0898,244.76171875,20853.9921875,0.0
1767584030801.5894,244.76171875,20853.9921875,0.0
1767584030822.0986,244.76171875,20853.9921875,0.0
1767584030842.5564,244.76171875,20853.9921875,0.0
1767584030863.061,244.76171875,20853.9921875,49.05389221557653
1767584030883.508,244.76171875,20853.9921875,49.28329377482969
1767584030903.9348,244.76171875,20853.9921875,0.0
1767584030924.413,244.76171875,20853.9921875,49.16198602840224
1767584030944.893,244.76171875,20853.9921875,0.0
1767584030965.3323,244.76171875,20853.9921875,0.0
1767584030985.7495,244.76171875,20853.9921875,49.261877077395155
1767584031006.19,244.76171875,20853.9921875,49.20870534403902
1767584031026.5786,244.76171875,20853.9921875,49.363336785603586
1767584031047.0237,244.76171875,20853.9921875,0.0
1767584031067.5303,244.76171875,20853.9921875,49.07512841214335
1767584031087.992,244.76171875,20853.9921875,0.0
1767584031108.3684,244.76171875,20853.9921875,0.0
1767584031128.788,244.76171875,20853.9921875,0.0
1767584031149.2031,244.76171875,20853.9921875,49.296616245321104
1767584031169.6228,244.76171875,20853.9921875,0.0
1767584031190.093,244.76171875,20853.9921875,49.14873621674329
1767584031210.547,244.76171875,20853.9921875,0.0
1767584031230.964,244.76171875,20853.9921875,0.0
1767584031251.3845,244.76171875,20853.9921875,49.32038286963107
1767584031271.862,244.76171875,20853.9921875,49.19196847437565
1767584031292.393,244.76171875,20853.9921875,0.0
1767584031312.8694,244.76171875,20853.9921875,0.0
1767584031333.385,244.76171875,20853.9921875,49.32560300119548
1767584031353.8206,244.76171875,20853.9921875,0.0
1767584031374.3376,244.76171875,20853.9921875,49.24105706806438
1767584031394.784,210.8359375,20812.4296875,0.0
1767584031415.232,210.8359375,20812.4296875,49.25551354016447
1767584031435.6777,210.8359375,20812.4296875,0.0
1767584031456.1863,210.8359375,20812.4296875,0.0
1767584031476.6284,210.8359375,20812.4296875,49.24047898568509
1767584031497.1824,210.8359375,20812.4296875,0.0
1767584031517.6365,210.8359375,20812.4296875,49.27576686755208
1767584031538.1304,210.8359375,20812.4296875,0.0
